{
   "Title":"Batman v Superman",
   "Year":"2013",
   "Rated":"N/A",
   "Released":"20 Nov 2013",
   "Runtime":"N/A",
   "Genre":"Short, Comedy",
   "Director":"Flober, Adrien Ménielle",
   "Writer":"Adrien Ménielle",
   "Actors":"Nicolas Berno, Kevin Eaton, Adrien Ménielle, Valentin Vincent",
   "Plot":"N/A",
   "Language":"French",
   "Country":"France",
   "Awards":"N/A",
   "Poster":"N/A",
   "Ratings":[
      {
         "Source":"Internet Movie Database",
         "Value":"8.1/10"
      }
   ],
   "Metascore":"N/A",
   "imdbRating":"8.1",
   "imdbVotes":"23",
   "imdbID":"tt6130880",
   "Type":"movie",
   "DVD":"N/A",
   "BoxOffice":"N/A",
   "Production":"N/A",
   "Website":"N/A",
   "Response":"True"
}