{
   "Title":"Batman Returns",
   "Year":"1992",
   "Rated":"PG-13",
   "Released":"19 Jun 1992",
   "Runtime":"126 min",
   "Genre":"Action, Crime, Fantasy",
   "Director":"Tim Burton",
   "Writer":"Bob Kane (Batman characters), Daniel Waters (story), Sam Hamm (story), Daniel Waters (screenplay)",
   "Actors":"Michael Keaton, Danny DeVito, Michelle Pfeiffer, Christopher Walken",
   "Plot":"While Batman deals with a deformed man calling himself the Penguin wreaking havoc across Gotham with the help of a cruel businessman, a female employee of the latter becomes the Catwoman with her own vendetta.",
   "Language":"English",
   "Country":"USA, UK",
   "Awards":"Nominated for 2 Oscars. Another 2 wins & 27 nominations.",
   "Poster":"https://m.media-amazon.com/images/M/MV5BOGZmYzVkMmItM2NiOS00MDI3LWI4ZWQtMTg0YWZkODRkMmViXkEyXkFqcGdeQXVyODY0NzcxNw@@._V1_SX300.jpg",
   "Ratings":[
      {
         "Source":"Internet Movie Database",
         "Value":"7.0/10"
      },
      {
         "Source":"Rotten Tomatoes",
         "Value":"80%"
      },
      {
         "Source":"Metacritic",
         "Value":"68/100"
      }
   ],
   "Metascore":"68",
   "imdbRating":"7.0",
   "imdbVotes":"271,031",
   "imdbID":"tt0103776",
   "Type":"movie",
   "DVD":"N/A",
   "BoxOffice":"N/A",
   "Production":"Warner Brothers",
   "Website":"N/A",
   "Response":"True"
}