{
   "Title":"Batman Forever",
   "Year":"1995",
   "Rated":"PG-13",
   "Released":"16 Jun 1995",
   "Runtime":"121 min",
   "Genre":"Action, Adventure",
   "Director":"Joel Schumacher",
   "Writer":"Bob Kane (characters), Lee Batchler (story), Janet Scott Batchler (story), Lee Batchler (screenplay), Janet Scott Batchler (screenplay), Akiva Goldsman (screenplay)",
   "Actors":"Val Kilmer, Tommy Lee Jones, Jim Carrey, Nicole Kidman",
   "Plot":"Batman must battle former district attorney Harvey Dent, who is now Two-Face and Edward Nygma, The Riddler with help from an amorous psychologist and a young circus acrobat who becomes his sidekick, Robin.",
   "Language":"English",
   "Country":"USA, UK",
   "Awards":"Nominated for 3 Oscars. Another 10 wins & 23 nominations.",
   "Poster":"https://m.media-amazon.com/images/M/MV5BNDdjYmFiYWEtYzBhZS00YTZkLWFlODgtY2I5MDE0NzZmMDljXkEyXkFqcGdeQXVyMTMxODk2OTU@._V1_SX300.jpg",
   "Ratings":[
      {
         "Source":"Internet Movie Database",
         "Value":"5.4/10"
      },
      {
         "Source":"Rotten Tomatoes",
         "Value":"39%"
      },
      {
         "Source":"Metacritic",
         "Value":"51/100"
      }
   ],
   "Metascore":"51",
   "imdbRating":"5.4",
   "imdbVotes":"233,105",
   "imdbID":"tt0112462",
   "Type":"movie",
   "DVD":"N/A",
   "BoxOffice":"N/A",
   "Production":"Warner Brothers, PolyGram Filmed Entertainment",
   "Website":"N/A",
   "Response":"True"
}