{
   "Title":"Batman: The Animated Series",
   "Year":"1992–1995",
   "Rated":"TV-PG",
   "Released":"05 Sep 1992",
   "Runtime":"23 min",
   "Genre":"Animation, Action, Adventure, Family, Sci-Fi",
   "Director":"N/A",
   "Writer":"Bob Kane, Eric Radomski, Bruce Timm, Paul Dini, Bill Finger",
   "Actors":"Kevin Conroy, Efrem Zimbalist Jr., Bob Hastings",
   "Plot":"The Dark Knight battles crime in Gotham City with occasional help from Robin and Batgirl.",
   "Language":"English",
   "Country":"USA",
   "Awards":"Won 1 Primetime Emmy. Another 4 wins & 19 nominations.",
   "Poster":"https://m.media-amazon.com/images/M/MV5BOTM3MTRkZjQtYjBkMy00YWE1LTkxOTQtNDQyNGY0YjYzNzAzXkEyXkFqcGdeQXVyOTgwMzk1MTA@._V1_SX300.jpg",
   "Ratings":[
      {
         "Source":"Internet Movie Database",
         "Value":"9.0/10"
      }
   ],
   "Metascore":"N/A",
   "imdbRating":"9.0",
   "imdbVotes":"85,316",
   "imdbID":"tt0103359",
   "Type":"series",
   "totalSeasons":"4",
   "Response":"True"
}