{
   "Title":"Batman & Robin",
   "Year":"1997",
   "Rated":"PG-13",
   "Released":"20 Jun 1997",
   "Runtime":"125 min",
   "Genre":"Action, Sci-Fi",
   "Director":"Joel Schumacher",
   "Writer":"Bob Kane (Batman characters), Akiva Goldsman",
   "Actors":"Arnold Schwarzenegger, George Clooney, Chris O'Donnell, Uma Thurman",
   "Plot":"Batman and Robin try to keep their relationship together even as they must stop Mr. Freeze and Poison Ivy from freezing Gotham City.",
   "Language":"English",
   "Country":"USA, UK",
   "Awards":"10 wins & 22 nominations.",
   "Poster":"https://m.media-amazon.com/images/M/MV5BMGQ5YTM1NmMtYmIxYy00N2VmLWJhZTYtN2EwYTY3MWFhOTczXkEyXkFqcGdeQXVyNTA2NTI0MTY@._V1_SX300.jpg",
   "Ratings":[
      {
         "Source":"Internet Movie Database",
         "Value":"3.8/10"
      },
      {
         "Source":"Rotten Tomatoes",
         "Value":"11%"
      },
      {
         "Source":"Metacritic",
         "Value":"28/100"
      }
   ],
   "Metascore":"28",
   "imdbRating":"3.8",
   "imdbVotes":"232,076",
   "imdbID":"tt0118688",
   "Type":"movie",
   "DVD":"N/A",
   "BoxOffice":"N/A",
   "Production":"Warner Bros., PolyGram Filmed Entertainment",
   "Website":"N/A",
   "Response":"True"
}