{
  "project_info": {
    "project_number": "538689769439",
    "project_id": "razaperritosapp",
    "storage_bucket": "razaperritosapp.appspot.com"
  },
  "client": [
    {
      "client_info": {
        "mobilesdk_app_id": "1:538689769439:android:9602d0027d475f1dc3fe6a",
        "android_client_info": {
          "package_name": "com.example.razaperritosapp"
        }
      },
      "oauth_client": [
        {
          "client_id": "538689769439-9fa8d6a3nad5ubjds4q57ib8gmqkus3t.apps.googleusercontent.com",
          "client_type": 3
        }
      ],
      "api_key": [
        {
          "current_key": "AIzaSyBuFabtPRhxKFbgKBJ14TACQ60M99Ro3uc"
        }
      ],
      "services": {
        "appinvite_service": {
          "other_platform_oauth_client": [
            {
              "client_id": "538689769439-9fa8d6a3nad5ubjds4q57ib8gmqkus3t.apps.googleusercontent.com",
              "client_type": 3
            }
          ]
        }
      }
    }
  ],
  "configuration_version": "1"
}